<?xml version="1.0" encoding="UTF-8"?>
<addon id="plugin.video.maus" name="Sendung mit der Maus" version="1.0.0" provider-name="vash">
    <requires>
        <import addon="xbmc.python" version="2.25.0"/>
        <import addon="script.module.libmaus" version="1.0.0" provider-name="vash"/>
    </requires>
    <extension point="xbmc.python.pluginsource" library="default.py">
        <provides>video</provides>
    </extension>
    <extension point="xbmc.addon.metadata">
        <platform>all</platform>
        <language>de</language>
        <license>GNU GENERAL PUBLIC LICENSE. Version 2, June 1991</license>
        <source>https://github.com/jodiedo/Kodiaddons/plugin.video.maus.zip</source>
        <summary lang="de">Videos aus der Sendung mit der Maus.</summary>
        <description lang="de">Dieses Add-on bietet Zugriff auf die Videos der Sendung mit der Maus.</description>
        <disclaimer lang="de">Dieses Add-on wird von keiner Sendeanstalt unterstützt und ist daher inoffiziell.</disclaimer>
        <assets>
            <icon>icon.png</icon>
            <fanart>fanart.png</fanart>
        </assets>
    </extension>
</addon>
