<?xml version="1.0" encoding="UTF-8" standalone="yes"?>
<addon id="script.module.libsandmann" name="libsandmann" version="1.0.0" provider-name="vash">
  <requires>
    <import addon="xbmc.python" version="2.25.0"/>
    <import addon="script.module.libmediathek3" version="1.5.23" provider-name="68000a"/>
  </requires>

  <extension point="xbmc.python.module" library="lib" />
  <extension point="xbmc.addon.metadata">
    <platform>all</platform>
    <license>GNU GENERAL PUBLIC LICENSE. Version 2, June 1991</license>
    <source>https://github.com/jodiedo/Kodiaddons/tree/master/</source>
    <summary lang="en">This is a scraper for http://www.ardmediathek.de/tv.</summary>
    <description lang="en">This is a scraper for http://www.ardmediathek.de/tv.</description>
  </extension>
</addon>
